Model,Metric,Subset,Reported,Reproduced,AbsDiff,PctDiff
Att-CNN,Accuracy,SE.1,0.22,0.1862,-0.0338,-15.36
Att-CNN,Accuracy,SE.2,0.26,0.1921,-0.0679,-26.12
Att-CNN,Accuracy,SE.3,0.37,0.2698,-0.1002,-27.08
Att-CNN,Accuracy,SE.4,0.48,0.3997,-0.0803,-16.73
Att-CNN,Accuracy,SE.5,0.58,0.5267,-0.0533,-9.19
Att-CNN,Accuracy,SE.6,0.66,0.5926,-0.0674,-10.21
Att-CNN,Accuracy,SE.7,0.73,0.6662,-0.0638,-8.74
Att-CNN,Accuracy,SE.8,0.77,0.6827,-0.0873,-11.34
Att-CNN,Precision,SE.1,0.21,0.0197,-0.1903,-90.62
Att-CNN,Precision,SE.2,0.16,0.0659,-0.0941,-58.81
Att-CNN,Precision,SE.3,0.26,0.1349,-0.1251,-48.12
Att-CNN,Precision,SE.4,0.41,0.3254,-0.0846,-20.63
Att-CNN,Precision,SE.5,0.57,0.4823,-0.0877,-15.39
Att-CNN,Precision,SE.6,0.64,0.5806,-0.0594,-9.28
Att-CNN,Precision,SE.7,0.74,0.6525,-0.0875,-11.82
Att-CNN,Precision,SE.8,0.79,0.6845,-0.1055,-13.35
Att-CNN,Recall,SE.1,0.2,0.0729,-0.1271,-63.55
Att-CNN,Recall,SE.2,0.25,0.0744,-0.1756,-70.24
Att-CNN,Recall,SE.3,0.3,0.1593,-0.1407,-46.9
Att-CNN,Recall,SE.4,0.41,0.3026,-0.1074,-26.2
Att-CNN,Recall,SE.5,0.59,0.4285,-0.1615,-27.37
Att-CNN,Recall,SE.6,0.69,0.5185,-0.1715,-24.86
Att-CNN,Recall,SE.7,0.74,0.5886,-0.1514,-20.46
Att-CNN,Recall,SE.8,0.79,0.6153,-0.1747,-22.11
Att-CNN,F-score,SE.1,0.16,0.031,-0.129,-80.62
Att-CNN,F-score,SE.2,0.19,0.0458,-0.1442,-75.89
Att-CNN,F-score,SE.3,0.27,0.1165,-0.1535,-56.85
Att-CNN,F-score,SE.4,0.4,0.3044,-0.0956,-23.9
Att-CNN,F-score,SE.5,0.56,0.434,-0.126,-22.5
Att-CNN,F-score,SE.6,0.66,0.5398,-0.1202,-18.21
Att-CNN,F-score,SE.7,0.74,0.6017,-0.1383,-18.69
Att-CNN,F-score,SE.8,0.79,0.6345,-0.1555,-19.68
Att-BiLSTM,Accuracy,SE.1,0.3,0.1653,-0.1347,-44.9
Att-BiLSTM,Accuracy,SE.2,0.45,0.1943,-0.2557,-56.82
Att-BiLSTM,Accuracy,SE.3,0.46,0.3092,-0.1508,-32.78
Att-BiLSTM,Accuracy,SE.4,0.6,0.3335,-0.2665,-44.42
Att-BiLSTM,Accuracy,SE.5,0.66,0.4424,-0.2176,-32.97
Att-BiLSTM,Accuracy,SE.6,0.72,0.5263,-0.1937,-26.9
Att-BiLSTM,Accuracy,SE.7,0.75,0.6117,-0.1383,-18.44
Att-BiLSTM,Accuracy,SE.8,0.79,0.6456,-0.1444,-18.28
Att-BiLSTM,Precision,SE.1,0.34,0.0498,-0.2902,-85.35
Att-BiLSTM,Precision,SE.2,0.42,0.1244,-0.2956,-70.38
Att-BiLSTM,Precision,SE.3,0.42,0.222,-0.198,-47.14
Att-BiLSTM,Precision,SE.4,0.59,0.2754,-0.3146,-53.32
Att-BiLSTM,Precision,SE.5,0.65,0.387,-0.263,-40.46
Att-BiLSTM,Precision,SE.6,0.7,0.4779,-0.2221,-31.73
Att-BiLSTM,Precision,SE.7,0.76,0.5822,-0.1778,-23.39
Att-BiLSTM,Precision,SE.8,0.81,0.6268,-0.1832,-22.62
Att-BiLSTM,Recall,SE.1,0.33,0.1031,-0.2269,-68.76
Att-BiLSTM,Recall,SE.2,0.39,0.1198,-0.2702,-69.28
Att-BiLSTM,Recall,SE.3,0.42,0.2186,-0.2014,-47.95
Att-BiLSTM,Recall,SE.4,0.6,0.2635,-0.3365,-56.08
Att-BiLSTM,Recall,SE.5,0.73,0.3406,-0.3894,-53.34
Att-BiLSTM,Recall,SE.6,0.76,0.4227,-0.3373,-44.38
Att-BiLSTM,Recall,SE.7,0.77,0.557,-0.213,-27.66
Att-BiLSTM,Recall,SE.8,0.8,0.5961,-0.2039,-25.49
Att-BiLSTM,F-score,SE.1,0.25,0.0549,-0.1951,-78.04
Att-BiLSTM,F-score,SE.2,0.37,0.1075,-0.2625,-70.95
Att-BiLSTM,F-score,SE.3,0.38,0.2111,-0.1689,-44.45
Att-BiLSTM,F-score,SE.4,0.57,0.2594,-0.3106,-54.49
Att-BiLSTM,F-score,SE.5,0.65,0.3531,-0.2969,-45.68
Att-BiLSTM,F-score,SE.6,0.71,0.4419,-0.2681,-37.76
Att-BiLSTM,F-score,SE.7,0.75,0.5636,-0.1864,-24.85
Att-BiLSTM,F-score,SE.8,0.8,0.6062,-0.1938,-24.23
R-BERT,Accuracy,SE.1,0.2,0.1446,-0.0554,-27.7
R-BERT,Accuracy,SE.2,0.26,0.1756,-0.0844,-32.46
R-BERT,Accuracy,SE.3,0.41,0.286,-0.124,-30.24
R-BERT,Accuracy,SE.4,0.65,0.4501,-0.1999,-30.75
R-BERT,Accuracy,SE.5,0.73,0.6389,-0.0911,-12.48
R-BERT,Accuracy,SE.6,0.79,0.788,-0.002,-0.25
R-BERT,Accuracy,SE.7,0.82,0.8289,0.0089,1.09
R-BERT,Accuracy,SE.8,0.84,0.8517,0.0117,1.39
R-BERT,Precision,SE.1,0.24,0.0533,-0.1867,-77.79
R-BERT,Precision,SE.2,0.26,0.1615,-0.0985,-37.88
R-BERT,Precision,SE.3,0.34,0.2127,-0.1273,-37.44
R-BERT,Precision,SE.4,0.65,0.4953,-0.1547,-23.8
R-BERT,Precision,SE.5,0.71,0.6704,-0.0396,-5.58
R-BERT,Precision,SE.6,0.75,0.7655,0.0155,2.07
R-BERT,Precision,SE.7,0.77,0.7909,0.0209,2.71
R-BERT,Precision,SE.8,0.79,0.8116,0.0216,2.73
R-BERT,Recall,SE.1,0.13,0.079,-0.051,-39.23
R-BERT,Recall,SE.2,0.12,0.079,-0.041,-34.17
R-BERT,Recall,SE.3,0.28,0.1836,-0.0964,-34.43
R-BERT,Recall,SE.4,0.56,0.3246,-0.2354,-42.04
R-BERT,Recall,SE.5,0.69,0.554,-0.136,-19.71
R-BERT,Recall,SE.6,0.77,0.7235,-0.0465,-6.04
R-BERT,Recall,SE.7,0.81,0.7944,-0.0156,-1.93
R-BERT,Recall,SE.8,0.83,0.8274,-0.0026,-0.31
R-BERT,F-score,SE.1,0.07,0.0534,-0.0166,-23.71
R-BERT,F-score,SE.2,0.11,0.0599,-0.0501,-45.55
R-BERT,F-score,SE.3,0.27,0.1675,-0.1025,-37.96
R-BERT,F-score,SE.4,0.54,0.3477,-0.1923,-35.61
R-BERT,F-score,SE.5,0.69,0.5731,-0.1169,-16.94
R-BERT,F-score,SE.6,0.76,0.7281,-0.0319,-4.2
R-BERT,F-score,SE.7,0.79,0.7906,0.0006,0.08
R-BERT,F-score,SE.8,0.81,0.8184,0.0084,1.04
MTB,Accuracy,SE.1,0.19,0.1711,-0.0189,-9.95
MTB,Accuracy,SE.2,0.22,0.1895,-0.0305,-13.86
MTB,Accuracy,SE.3,0.38,0.3795,-0.0005,-0.13
MTB,Accuracy,SE.4,0.59,0.5631,-0.0269,-4.56
MTB,Accuracy,SE.5,0.71,0.7258,0.0158,2.23
MTB,Accuracy,SE.6,0.78,0.7987,0.0187,2.4
MTB,Accuracy,SE.7,0.83,0.8355,0.0055,0.66
MTB,Accuracy,SE.8,0.85,0.8583,0.0083,0.98
MTB,Precision,SE.1,0.19,0.0685,-0.1215,-63.95
MTB,Precision,SE.2,0.23,0.1629,-0.0671,-29.17
MTB,Precision,SE.3,0.32,0.3249,0.0049,1.53
MTB,Precision,SE.4,0.58,0.5134,-0.0666,-11.48
MTB,Precision,SE.5,0.69,0.7199,0.0299,4.33
MTB,Precision,SE.6,0.74,0.7728,0.0328,4.43
MTB,Precision,SE.7,0.76,0.7983,0.0383,5.04
MTB,Precision,SE.8,0.79,0.8213,0.0313,3.96
MTB,Recall,SE.1,0.11,0.0923,-0.0177,-16.09
MTB,Recall,SE.2,0.12,0.1022,-0.0178,-14.83
MTB,Recall,SE.3,0.25,0.2922,0.0422,16.88
MTB,Recall,SE.4,0.51,0.4854,-0.0246,-4.82
MTB,Recall,SE.5,0.66,0.662,0.002,0.3
MTB,Recall,SE.6,0.73,0.7535,0.0235,3.22
MTB,Recall,SE.7,0.78,0.8082,0.0282,3.62
MTB,Recall,SE.8,0.8,0.838,0.038,4.75
MTB,F-score,SE.1,0.03,0.0648,0.0348,116.0
MTB,F-score,SE.2,0.09,0.0842,-0.0058,-6.44
MTB,F-score,SE.3,0.2,0.2743,0.0743,37.15
MTB,F-score,SE.4,0.51,0.4874,-0.0226,-4.43
MTB,F-score,SE.5,0.67,0.6757,0.0057,0.85
MTB,F-score,SE.6,0.74,0.7555,0.0155,2.09
MTB,F-score,SE.7,0.78,0.8015,0.0215,2.76
MTB,F-score,SE.8,0.8,0.8287,0.0287,3.59
